model,accuracy,precision,recall,f1_score,auc_roc,fpr,fnr,evasion_rate,tp,fp,tn,fn,confidence_mean,confidence_std,confidence_median,predictions,probabilities,status
RandomForest,0.0,0.0,0.0,0.0,,0,1.0,1.0,0,0,0,516,0.2585061324332098,0.09003459778202368,0.2656563118928751,"[0 0 0 0 0 0 0 0 0 0 0 0 0 0 0 0 0 0 0 0 0 0 0 0 0 0 0 0 0 0 0 0 0 0 0 0 0
 0 0 0 0 0 0 0 0 0 0 0 0 0 0 0 0 0 0 0 0 0 0 0 0 0 0 0 0 0 0 0 0 0 0 0 0 0
 0 0 0 0 0 0 0 0 0 0 0 0 0 0 0 0 0 0 0 0 0 0 0 0 0 0 0 0 0 0 0 0 0 0 0 0 0
 0 0 0 0 0 0 0 0 0 0 0 0 0 0 0 0 0 0 0 0 0 0 0 0 0 0 0 0 0 0 0 0 0 0 0 0 0
 0 0 0 0 0 0 0 0 0 0 0 0 0 0 0 0 0 0 0 0 0 0 0 0 0 0 0 0 0 0 0 0 0 0 0 0 0
 0 0 0 0 0 0 0 0 0 0 0 0 0 0 0 0 0 0 0 0 0 0 0 0 0 0 0 0 0 0 0 0 0 0 0 0 0
 0 0 0 0 0 0 0 0 0 0 0 0 0 0 0 0 0 0 0 0 0 0 0 0 0 0 0 0 0 0 0 0 0 0 0 0 0
 0 0 0 0 0 0 0 0 0 0 0 0 0 0 0 0 0 0 0 0 0 0 0 0 0 0 0 0 0 0 0 0 0 0 0 0 0
 0 0 0 0 0 0 0 0 0 0 0 0 0 0 0 0 0 0 0 0 0 0 0 0 0 0 0 0 0 0 0 0 0 0 0 0 0
 0 0 0 0 0 0 0 0 0 0 0 0 0 0 0 0 0 0 0 0 0 0 0 0 0 0 0 0 0 0 0 0 0 0 0 0 0
 0 0 0 0 0 0 0 0 0 0 0 0 0 0 0 0 0 0 0 0 0 0 0 0 0 0 0 0 0 0 0 0 0 0 0 0 0
 0 0 0 0 0 0 0 0 0 0 0 0 0 0 0 0 0 0 0 0 0 0 0 0 0 0 0 0 0 0 0 0 0 0 0 0 0
 0 0 0 0 0 0 0 0 0 0 0 0 0 0 0 0 0 0 0 0 0 0 0 0 0 0 0 0 0 0 0 0 0 0 0 0 0
 0 0 0 0 0 0 0 0 0 0 0 0 0 0 0 0 0 0 0 0 0 0 0 0 0 0 0 0 0 0 0 0 0 0 0]","[0.33187214 0.27602583 0.22803245 0.33298165 0.36292425 0.27246886
 0.05575733 0.37787303 0.30789282 0.25883873 0.33580965 0.33783389
 0.25619844 0.05198318 0.33346455 0.26669022 0.2611179  0.33993091
 0.26467163 0.33818664 0.25883873 0.31621701 0.23136076 0.22724113
 0.34009195 0.34149357 0.35801799 0.33740118 0.04864985 0.2618436
 0.26234692 0.33605357 0.05575733 0.33256304 0.2772922  0.32026863
 0.25932164 0.30615844 0.26790295 0.32430623 0.05332404 0.06156852
 0.26515453 0.30642209 0.22239856 0.33081584 0.33298165 0.33256304
 0.26246372 0.24192826 0.28701604 0.05665737 0.05575733 0.27728154
 0.06250721 0.33261579 0.25541505 0.25664218 0.33558446 0.26790295
 0.04864985 0.31215741 0.26074173 0.33944801 0.2637633  0.26706649
 0.25456308 0.26461641 0.33783389 0.31007502 0.22859578 0.26620726
 0.31125889 0.25541505 0.3071402  0.24226016 0.25589795 0.35094061
 0.29238175 0.25456308 0.04864985 0.23614119 0.33799364 0.26706649
 0.28765904 0.35025133 0.27736218 0.33554773 0.33735133 0.33081584
 0.22371278 0.2645546  0.33856761 0.22945277 0.30888152 0.26790295
 0.23151445 0.34266722 0.25712508 0.27023876 0.33944801 0.25664218
 0.27052494 0.22558378 0.25730272 0.27112673 0.33856761 0.25631028
 0.04992103 0.31626619 0.26074173 0.28638455 0.26669022 0.26127942
 0.25504598 0.25456308 0.05198318 0.26246372 0.05332404 0.26790295
 0.22864064 0.26308022 0.34315013 0.29365554 0.06710792 0.35816526
 0.25434148 0.04992103 0.34315013 0.06312376 0.25679318 0.05843553
 0.35581793 0.33960905 0.33740118 0.22797337 0.05575733 0.30870495
 0.04349207 0.25631028 0.26790295 0.05332404 0.33646409 0.25541505
 0.06312376 0.33627412 0.25631028 0.29514549 0.3448269  0.25631028
 0.25981703 0.06083109 0.34341985 0.31751455 0.04864985 0.33097612
 0.25929495 0.33783389 0.26620726 0.34266722 0.26412645 0.06820839
 0.30230686 0.23120341 0.34135625 0.34135625 0.22909841 0.33856761
 0.25504598 0.25631028 0.3320092  0.226447   0.26189635 0.26570715
 0.22956081 0.3544672  0.06820839 0.05575733 0.26608838 0.33833807
 0.26248627 0.26308022 0.29208732 0.26586083 0.35826768 0.25923129
 0.26515453 0.33944801 0.25700118 0.26570715 0.06250721 0.33054459
 0.33129875 0.22538237 0.26461641 0.22864064 0.34135625 0.26340733
 0.0447339  0.05690265 0.26214628 0.25456308 0.33856761 0.29168719
 0.25883873 0.25541505 0.22912355 0.3544672  0.26467163 0.04864985
 0.23091744 0.34183916 0.05265326 0.26482476 0.33960905 0.26613839
 0.22509091 0.34799476 0.25456308 0.25619844 0.33295496 0.32657414
 0.34975674 0.26550635 0.36682047 0.30553063 0.05577569 0.26669017
 0.22419568 0.29744157 0.34341985 0.22126727 0.35801799 0.22845671
 0.26296918 0.25541505 0.26196746 0.26719161 0.33856761 0.33783389
 0.33780077 0.33780077 0.26560548 0.05198318 0.34134208 0.05198318
 0.26340733 0.23179699 0.26586083 0.3544672  0.06250721 0.31791123
 0.26620726 0.33606737 0.23016954 0.22167959 0.28749895 0.36682047
 0.04200997 0.25922864 0.33960905 0.31422101 0.05320199 0.33781498
 0.36126175 0.25883873 0.31055152 0.32832134 0.22643625 0.33856828
 0.25922864 0.33961518 0.33081584 0.22505812 0.25874838 0.04200997
 0.05332404 0.25589795 0.25541505 0.33831679 0.26619005 0.23591297
 0.25874838 0.33983421 0.26669017 0.26467163 0.06263477 0.23151445
 0.22288146 0.25541505 0.34390275 0.34266722 0.34183916 0.05177227
 0.341085   0.33576269 0.26282983 0.26573415 0.31798449 0.05633646
 0.21987964 0.22724113 0.35744059 0.33783389 0.26683738 0.25874838
 0.32832134 0.37252195 0.33298165 0.25664218 0.23407421 0.34625442
 0.3448269  0.32657414 0.26292443 0.26129431 0.34390275 0.25541505
 0.25631028 0.34310266 0.35690096 0.26263996 0.34310266 0.05905664
 0.26825536 0.26699844 0.33993091 0.25631028 0.26755641 0.05527515
 0.22595335 0.25775791 0.30402928 0.33380053 0.31422101 0.33944801
 0.26431452 0.33856991 0.35975674 0.33944801 0.30230686 0.25883873
 0.26515453 0.26230779 0.26412645 0.27033178 0.25950511 0.25932164
 0.04992103 0.33993091 0.27101136 0.34135625 0.22563488 0.05906283
 0.22684858 0.34508838 0.33298165 0.26117723 0.05905664 0.34310266
 0.26117723 0.05575733 0.05797231 0.22538237 0.25712508 0.25631028
 0.26340733 0.26685584 0.26531032 0.25456308 0.22830259 0.33311963
 0.06250721 0.27198596 0.04690861 0.34145888 0.04992103 0.2661701
 0.31449227 0.26364355 0.22684858 0.34134208 0.25541505 0.35041356
 0.26357209 0.30789282 0.26850988 0.25923129 0.26232651 0.05665737
 0.06312376 0.27864081 0.33383726 0.06820839 0.26039908 0.33783389
 0.2642354  0.33960905 0.35057459 0.05320199 0.34310266 0.06820839
 0.25504598 0.25883873 0.26531032 0.29208732 0.28822505 0.26292443
 0.27256074 0.26117723 0.05177227 0.26412645 0.26461641 0.04502239
 0.25613587 0.33783389 0.26414227 0.3544672  0.33346455 0.06191502
 0.22121452 0.30822204 0.3544672  0.32175973 0.27116505 0.31263051
 0.25976718 0.34330593 0.33944801 0.34027501 0.25541505 0.25923129
 0.26234692 0.30963228 0.33168507 0.05424769 0.05690265 0.3399865
 0.2641126  0.26456962 0.23103154 0.3135674  0.26363748 0.22288146
 0.26619005 0.33666544 0.26790295 0.31166844 0.05320199 0.34583947
 0.31023407 0.34145888 0.06883619 0.26619005 0.26422538 0.30822204
 0.33856761 0.27600858 0.34064111 0.33944801 0.25589795 0.3104322
 0.33944801 0.04864985 0.31386442 0.06250721 0.05665737 0.33905051
 0.33905118 0.26790295 0.26330826 0.29325702 0.25883873 0.23295329
 0.35836694 0.26426014 0.32764279 0.25390577 0.33845526 0.26350404
 0.25610595 0.33298165 0.33060784 0.25748409 0.05090606 0.33081584
 0.26261327 0.26790295 0.0447339  0.33944801 0.04959756 0.26248627
 0.31660026 0.25504598 0.33856761 0.31281535 0.2642354  0.2661701
 0.25775791 0.22928439 0.33783389 0.25456308 0.33944801 0.23343619
 0.26350239 0.34135625 0.26790295 0.25883873 0.27230749 0.33960905
 0.33944801 0.2257704  0.33856761 0.33689543 0.22830259 0.34310266]",🔴 CRITICAL FAILURE
XGBoost,0.0,0.0,0.0,0.0,,0,1.0,1.0,0,0,0,516,0.00803227350115776,0.01803884096443653,0.003710884368047118,"[0 0 0 0 0 0 0 0 0 0 0 0 0 0 0 0 0 0 0 0 0 0 0 0 0 0 0 0 0 0 0 0 0 0 0 0 0
 0 0 0 0 0 0 0 0 0 0 0 0 0 0 0 0 0 0 0 0 0 0 0 0 0 0 0 0 0 0 0 0 0 0 0 0 0
 0 0 0 0 0 0 0 0 0 0 0 0 0 0 0 0 0 0 0 0 0 0 0 0 0 0 0 0 0 0 0 0 0 0 0 0 0
 0 0 0 0 0 0 0 0 0 0 0 0 0 0 0 0 0 0 0 0 0 0 0 0 0 0 0 0 0 0 0 0 0 0 0 0 0
 0 0 0 0 0 0 0 0 0 0 0 0 0 0 0 0 0 0 0 0 0 0 0 0 0 0 0 0 0 0 0 0 0 0 0 0 0
 0 0 0 0 0 0 0 0 0 0 0 0 0 0 0 0 0 0 0 0 0 0 0 0 0 0 0 0 0 0 0 0 0 0 0 0 0
 0 0 0 0 0 0 0 0 0 0 0 0 0 0 0 0 0 0 0 0 0 0 0 0 0 0 0 0 0 0 0 0 0 0 0 0 0
 0 0 0 0 0 0 0 0 0 0 0 0 0 0 0 0 0 0 0 0 0 0 0 0 0 0 0 0 0 0 0 0 0 0 0 0 0
 0 0 0 0 0 0 0 0 0 0 0 0 0 0 0 0 0 0 0 0 0 0 0 0 0 0 0 0 0 0 0 0 0 0 0 0 0
 0 0 0 0 0 0 0 0 0 0 0 0 0 0 0 0 0 0 0 0 0 0 0 0 0 0 0 0 0 0 0 0 0 0 0 0 0
 0 0 0 0 0 0 0 0 0 0 0 0 0 0 0 0 0 0 0 0 0 0 0 0 0 0 0 0 0 0 0 0 0 0 0 0 0
 0 0 0 0 0 0 0 0 0 0 0 0 0 0 0 0 0 0 0 0 0 0 0 0 0 0 0 0 0 0 0 0 0 0 0 0 0
 0 0 0 0 0 0 0 0 0 0 0 0 0 0 0 0 0 0 0 0 0 0 0 0 0 0 0 0 0 0 0 0 0 0 0 0 0
 0 0 0 0 0 0 0 0 0 0 0 0 0 0 0 0 0 0 0 0 0 0 0 0 0 0 0 0 0 0 0 0 0 0 0]","[0.00384178 0.01527684 0.00231113 0.00371088 0.05150981 0.01390073
 0.00165047 0.04907779 0.00371088 0.00207393 0.00408272 0.00371088
 0.0019885  0.01390073 0.00371088 0.00207393 0.0019885  0.00387798
 0.00207393 0.00384178 0.00207393 0.00371088 0.00207393 0.00175422
 0.00371088 0.00362146 0.00496578 0.09247258 0.0015496  0.00362146
 0.00207393 0.09087498 0.00165047 0.00408272 0.01390073 0.00521611
 0.00207393 0.00371088 0.00647182 0.00611915 0.0030863  0.00387798
 0.00207393 0.00362146 0.00202387 0.0030863  0.00371088 0.00408272
 0.00207393 0.00282066 0.00175422 0.05150981 0.00165047 0.00663617
 0.00207393 0.00313963 0.00165047 0.00492452 0.00378455 0.00647182
 0.0078676  0.00371088 0.00202387 0.00387798 0.00456105 0.00833293
 0.00165047 0.00164253 0.00371088 0.00585605 0.00256355 0.00296508
 0.00585605 0.00165047 0.00371088 0.00309766 0.00165047 0.00623826
 0.0024196  0.00165047 0.00162239 0.00226771 0.00313963 0.00244863
 0.00574818 0.00558968 0.01390073 0.00436471 0.00436471 0.0030863
 0.002263   0.00269565 0.00371088 0.00207393 0.00362146 0.00207393
 0.00207393 0.00371088 0.00492452 0.00555734 0.00387798 0.00492452
 0.00296508 0.00202387 0.00296202 0.01390073 0.00371088 0.00515502
 0.00371088 0.0054457  0.00371088 0.00523405 0.00207393 0.00296508
 0.00165047 0.00165047 0.00833293 0.00207393 0.0030863  0.00207393
 0.00207393 0.00371088 0.00371088 0.002263   0.00371088 0.00496578
 0.00254459 0.00371088 0.00371088 0.00371088 0.00515502 0.08470747
 0.00496578 0.00371088 0.08873111 0.00207393 0.00515502 0.00371088
 0.00296202 0.00165047 0.00207393 0.0030863  0.00436471 0.00165047
 0.00371088 0.00408272 0.00515502 0.00207393 0.00362146 0.00165047
 0.00175422 0.00362146 0.00371088 0.00532809 0.0078676  0.0030863
 0.00207393 0.00371088 0.0078676  0.00371088 0.00207393 0.00387798
 0.00371088 0.00235423 0.00371088 0.00371088 0.00252867 0.00371088
 0.00165047 0.00515502 0.05800303 0.00207393 0.00371088 0.00371088
 0.00202387 0.00496578 0.00387798 0.00175422 0.00296508 0.0954631
 0.00487505 0.00362146 0.00207393 0.00371088 0.09590415 0.00547788
 0.00207393 0.00387798 0.00547788 0.00371088 0.00207393 0.0030863
 0.0030863  0.00202387 0.00151281 0.00207393 0.00371088 0.00647182
 0.00597006 0.09247258 0.002644   0.00165047 0.00371088 0.00811081
 0.00207393 0.00165047 0.00207393 0.00604192 0.00207393 0.00833293
 0.00221886 0.00371088 0.0030863  0.00487505 0.00371088 0.00371088
 0.00212922 0.00611915 0.00165047 0.0019885  0.00371088 0.00290398
 0.00623826 0.00207393 0.0954631  0.04936248 0.00371088 0.0078676
 0.00252867 0.00296508 0.00371088 0.00175422 0.00496578 0.00252867
 0.00487505 0.00165047 0.0026094  0.0078676  0.00371088 0.00371088
 0.09994186 0.09994186 0.00296508 0.0078676  0.00371088 0.0078676
 0.00647182 0.00207393 0.00371088 0.00496578 0.00207393 0.00585605
 0.0078676  0.00378455 0.00302032 0.00165047 0.00175422 0.08470747
 0.0020567  0.00371088 0.00371088 0.00371088 0.00207393 0.00371088
 0.00496578 0.00207393 0.00487505 0.00290398 0.0024196  0.00387798
 0.00207393 0.00264455 0.0030863  0.00252867 0.00175422 0.00256355
 0.00408272 0.00165047 0.00515502 0.00371088 0.00207393 0.00295493
 0.00165047 0.00378455 0.0078676  0.00207393 0.00686304 0.00207393
 0.00202387 0.00515502 0.00371088 0.00371088 0.00371088 0.00207393
 0.00371088 0.00362146 0.00647182 0.00532809 0.00602782 0.0030863
 0.00172438 0.00175422 0.00686304 0.00371088 0.0054457  0.00175422
 0.00290398 0.08470747 0.00371088 0.00492452 0.00240492 0.00569047
 0.00378455 0.00290398 0.00207393 0.00391899 0.00371088 0.00515502
 0.00165047 0.08202333 0.00496578 0.00487505 0.08402008 0.00371088
 0.00576862 0.00324851 0.00387798 0.00165047 0.00331193 0.00378455
 0.00252867 0.00202387 0.00362146 0.00436471 0.00371088 0.00387798
 0.0054457  0.00362146 0.00558968 0.00387798 0.00371088 0.00207393
 0.00207393 0.00296508 0.00371088 0.00324851 0.00362146 0.00647182
 0.00207393 0.00387798 0.00331193 0.00371088 0.00207393 0.00600646
 0.0024196  0.08402008 0.00371088 0.00207393 0.00371088 0.08202333
 0.00207393 0.00515502 0.00207393 0.00202387 0.00157642 0.00165047
 0.00647182 0.00295493 0.00371088 0.00515502 0.00207393 0.08595697
 0.00207393 0.01527684 0.00585605 0.00362146 0.00207393 0.0054457
 0.00371088 0.00207393 0.00256355 0.00371088 0.00515502 0.00686304
 0.00296508 0.00371088 0.00597006 0.00175422 0.00362146 0.04907779
 0.00371088 0.00263884 0.00378455 0.00387798 0.00483177 0.00371088
 0.00207393 0.00371088 0.00496578 0.00371088 0.08202333 0.00387798
 0.00165047 0.00647182 0.00202387 0.00207393 0.00296202 0.00207393
 0.00309766 0.00207393 0.00207393 0.00371088 0.00164253 0.00165047
 0.0015496  0.00371088 0.002644   0.00604192 0.00371088 0.00378455
 0.002263   0.00371088 0.00496578 0.00611915 0.00656816 0.07934415
 0.00362146 0.00371088 0.00387798 0.00371088 0.00515502 0.00175422
 0.00207393 0.00703698 0.00264455 0.00623826 0.09247258 0.00436471
 0.00275355 0.00207393 0.00207393 0.07934415 0.00362146 0.00202387
 0.00371088 0.00362146 0.00207393 0.00362146 0.00371088 0.00623826
 0.00645592 0.00362146 0.00145795 0.00371088 0.0044005  0.00371088
 0.00371088 0.02917042 0.00371088 0.00387798 0.00515502 0.0054457
 0.00387798 0.0078676  0.00387798 0.00207393 0.00496578 0.00371088
 0.00387798 0.00207393 0.00362146 0.00207393 0.00207393 0.00248714
 0.06383913 0.0026094  0.0030863  0.0015496  0.0044863  0.0054457
 0.00175422 0.00371088 0.00290398 0.00175422 0.00436471 0.0030863
 0.0054457  0.00647182 0.00597006 0.00387798 0.00207393 0.00270313
 0.00585605 0.00165047 0.00371088 0.00509431 0.00207393 0.00302032
 0.00362146 0.00302032 0.00371088 0.00165047 0.00387798 0.00248714
 0.0054457  0.00371088 0.00207393 0.00207393 0.00319988 0.00371088
 0.00387798 0.00202387 0.00371088 0.00378455 0.00207393 0.08202333]",🔴 CRITICAL FAILURE
LightGBM,0.0,0.0,0.0,0.0,,0,1.0,1.0,0,0,0,516,7.721732705768548e-05,0.0003452082553613373,5.3895439491671745e-05,"[0 0 0 0 0 0 0 0 0 0 0 0 0 0 0 0 0 0 0 0 0 0 0 0 0 0 0 0 0 0 0 0 0 0 0 0 0
 0 0 0 0 0 0 0 0 0 0 0 0 0 0 0 0 0 0 0 0 0 0 0 0 0 0 0 0 0 0 0 0 0 0 0 0 0
 0 0 0 0 0 0 0 0 0 0 0 0 0 0 0 0 0 0 0 0 0 0 0 0 0 0 0 0 0 0 0 0 0 0 0 0 0
 0 0 0 0 0 0 0 0 0 0 0 0 0 0 0 0 0 0 0 0 0 0 0 0 0 0 0 0 0 0 0 0 0 0 0 0 0
 0 0 0 0 0 0 0 0 0 0 0 0 0 0 0 0 0 0 0 0 0 0 0 0 0 0 0 0 0 0 0 0 0 0 0 0 0
 0 0 0 0 0 0 0 0 0 0 0 0 0 0 0 0 0 0 0 0 0 0 0 0 0 0 0 0 0 0 0 0 0 0 0 0 0
 0 0 0 0 0 0 0 0 0 0 0 0 0 0 0 0 0 0 0 0 0 0 0 0 0 0 0 0 0 0 0 0 0 0 0 0 0
 0 0 0 0 0 0 0 0 0 0 0 0 0 0 0 0 0 0 0 0 0 0 0 0 0 0 0 0 0 0 0 0 0 0 0 0 0
 0 0 0 0 0 0 0 0 0 0 0 0 0 0 0 0 0 0 0 0 0 0 0 0 0 0 0 0 0 0 0 0 0 0 0 0 0
 0 0 0 0 0 0 0 0 0 0 0 0 0 0 0 0 0 0 0 0 0 0 0 0 0 0 0 0 0 0 0 0 0 0 0 0 0
 0 0 0 0 0 0 0 0 0 0 0 0 0 0 0 0 0 0 0 0 0 0 0 0 0 0 0 0 0 0 0 0 0 0 0 0 0
 0 0 0 0 0 0 0 0 0 0 0 0 0 0 0 0 0 0 0 0 0 0 0 0 0 0 0 0 0 0 0 0 0 0 0 0 0
 0 0 0 0 0 0 0 0 0 0 0 0 0 0 0 0 0 0 0 0 0 0 0 0 0 0 0 0 0 0 0 0 0 0 0 0 0
 0 0 0 0 0 0 0 0 0 0 0 0 0 0 0 0 0 0 0 0 0 0 0 0 0 0 0 0 0 0 0 0 0 0 0]","[4.02206383e-05 1.50678077e-05 1.28918733e-05 7.06177864e-05
 2.32214318e-05 5.00231948e-05 3.31168051e-05 3.74232193e-03
 6.38811659e-05 5.95790730e-05 4.02206383e-05 8.07811256e-05
 2.91835634e-05 1.44980156e-05 8.07811256e-05 5.38189733e-05
 8.64684693e-05 8.07811256e-05 5.95790730e-05 4.02206383e-05
 1.43428141e-04 7.30750389e-05 5.38954395e-05 4.86848063e-05
 8.07811256e-05 7.17798002e-05 2.29602113e-05 5.95075489e-05
 2.88552762e-05 5.72208060e-05 5.38189733e-05 4.87845627e-03
 3.31168051e-05 4.02206383e-05 1.68364934e-05 3.22194684e-05
 5.95790730e-05 6.38811659e-05 5.95790730e-05 3.34692200e-05
 4.02206383e-05 7.30750389e-05 1.43428141e-04 6.54561728e-05
 4.36087758e-05 4.02206383e-05 8.07811256e-05 4.02206383e-05
 5.38189733e-05 1.37731936e-05 3.92528252e-05 2.32214318e-05
 3.31168051e-05 1.68364934e-05 5.95790730e-05 4.49023097e-05
 3.31168051e-05 3.22140651e-05 7.23588745e-05 5.95790730e-05
 1.44980156e-05 7.30750389e-05 6.38811659e-05 8.07811256e-05
 5.16886916e-05 1.44980156e-05 3.31168051e-05 7.61465774e-05
 8.07811256e-05 2.99309494e-05 1.30801001e-05 1.44980156e-05
 2.99309494e-05 3.31168051e-05 6.38811659e-05 1.47919656e-05
 8.66718027e-05 3.47322575e-05 2.00029929e-05 3.31168051e-05
 2.96638951e-05 1.43899969e-05 9.55728847e-05 1.48983069e-05
 1.77009772e-05 2.23840989e-05 1.68364934e-05 2.00029929e-05
 2.28819981e-05 4.02206383e-05 2.68339875e-05 1.69005323e-05
 8.07811256e-05 5.38954395e-05 6.54561728e-05 5.91022670e-05
 5.38954395e-05 8.07811256e-05 3.22140651e-05 1.44980156e-05
 8.07811256e-05 3.22140651e-05 1.44980156e-05 5.67628720e-05
 1.49339018e-05 1.67208082e-05 8.07811256e-05 3.31168051e-05
 6.38811659e-05 3.55722313e-05 6.38811659e-05 1.68224647e-05
 5.38189733e-05 1.44980156e-05 3.31168051e-05 3.31168051e-05
 1.44980156e-05 5.38189733e-05 4.02206383e-05 5.95790730e-05
 5.38954395e-05 6.38811659e-05 8.07811256e-05 3.51601681e-05
 8.07811256e-05 2.29602113e-05 1.53182672e-05 6.38811659e-05
 1.58157104e-04 8.07811256e-05 3.31168051e-05 5.51092227e-05
 6.55185125e-05 8.07811256e-05 5.95075489e-05 5.38954395e-05
 3.31168051e-05 6.38811659e-05 1.77009772e-05 3.31168051e-05
 5.95790730e-05 4.02206383e-05 2.28819981e-05 3.31168051e-05
 8.07811256e-05 4.02206383e-05 3.31168051e-05 1.43428141e-04
 7.23588745e-05 3.31168051e-05 3.31168051e-05 7.17798002e-05
 8.07811256e-05 3.05477338e-05 1.44980156e-05 4.02206383e-05
 5.95790730e-05 8.07811256e-05 1.44980156e-05 8.07811256e-05
 6.38811659e-05 8.07811256e-05 6.38811659e-05 1.33221625e-05
 8.07811256e-05 8.07811256e-05 1.25854726e-05 1.58157104e-04
 3.31168051e-05 3.31168051e-05 6.48277774e-05 5.38954395e-05
 6.38811659e-05 6.38811659e-05 5.72208060e-05 2.00713656e-05
 8.07811256e-05 3.31168051e-05 1.44980156e-05 5.95075489e-05
 5.72208060e-05 6.38811659e-05 7.06177864e-05 5.24446835e-05
 7.05330114e-05 3.31168051e-05 5.95790730e-05 8.07811256e-05
 3.31168051e-05 6.38811659e-05 5.95790730e-05 4.02206383e-05
 4.02206383e-05 5.34641167e-05 7.61465774e-05 5.34641167e-05
 8.07811256e-05 5.95790730e-05 3.01621028e-05 5.95075489e-05
 1.57906063e-05 3.31168051e-05 7.06177864e-05 2.98921278e-05
 5.95790730e-05 3.31168051e-05 5.38954395e-05 2.32214318e-05
 5.95790730e-05 1.44980156e-05 1.20601723e-05 1.58157104e-04
 3.51601681e-05 5.72208060e-05 1.58157104e-04 6.38811659e-05
 2.68339875e-05 3.90058618e-05 3.31168051e-05 2.91835634e-05
 8.07811256e-05 4.02206383e-05 3.47322575e-05 5.38189733e-05
 7.05330114e-05 6.04691555e-05 7.30750389e-05 1.44980156e-05
 3.03026396e-05 3.45908412e-05 8.07811256e-05 2.99575030e-05
 2.29602113e-05 1.25854726e-05 5.72208060e-05 3.31168051e-05
 2.91835634e-05 1.44980156e-05 8.07811256e-05 8.07811256e-05
 5.00439288e-03 6.48277774e-05 1.44980156e-05 1.44980156e-05
 8.01346551e-05 1.44980156e-05 5.95790730e-05 5.38954395e-05
 6.38811659e-05 2.00713656e-05 5.95790730e-05 3.14294331e-05
 1.44980156e-05 7.23588745e-05 4.36087758e-05 2.99575030e-05
 3.92528252e-05 7.05330114e-05 1.23537844e-05 6.38811659e-05
 8.07811256e-05 7.30750389e-05 6.38811659e-05 1.58157104e-04
 2.29602113e-05 5.95790730e-05 5.72208060e-05 4.02206383e-05
 1.52656358e-05 8.07811256e-05 6.38811659e-05 5.85407761e-05
 4.02206383e-05 1.25854726e-05 3.31168051e-05 1.25854726e-05
 4.02206383e-05 3.31168051e-05 3.31168051e-05 8.07811256e-05
 6.38811659e-05 2.32311004e-05 3.31168051e-05 6.53633055e-05
 1.44980156e-05 5.95790730e-05 3.84496360e-05 5.38954395e-05
 4.36087758e-05 3.31168051e-05 8.07811256e-05 1.58157104e-04
 8.07811256e-05 5.38954395e-05 8.07811256e-05 7.23588745e-05
 5.38189733e-05 2.76692175e-05 3.05732080e-05 4.49023097e-05
 2.68339875e-05 4.86848063e-05 3.63772200e-05 8.07811256e-05
 2.68377000e-05 3.31168051e-05 4.02206383e-05 6.53198237e-05
 8.07811256e-05 3.22140651e-05 2.12570740e-05 1.04329377e-04
 7.23588745e-05 4.02206383e-05 5.95790730e-05 1.42947872e-05
 1.58157104e-04 3.31168051e-05 3.31168051e-05 5.51092227e-05
 6.55438691e-05 5.72208060e-05 5.51092227e-05 7.30750389e-05
 2.78924453e-05 2.81812607e-05 8.07811256e-05 3.31168051e-05
 2.56619992e-05 6.54561728e-05 1.25854726e-05 5.72208060e-05
 5.72208060e-05 2.28819981e-05 7.30750389e-05 8.07811256e-05
 3.10965950e-05 6.53633055e-05 3.63772200e-05 8.07811256e-05
 6.38811659e-05 5.95790730e-05 5.95790730e-05 1.44980156e-05
 6.38811659e-05 2.81812607e-05 5.72208060e-05 1.43428141e-04
 6.38811659e-05 1.58157104e-04 2.74657689e-05 8.07811256e-05
 5.38954395e-05 2.23840989e-05 1.25854726e-05 5.51092227e-05
 7.06177864e-05 5.95790730e-05 7.30750389e-05 5.51092227e-05
 5.95790730e-05 3.31168051e-05 7.06177864e-05 4.86848063e-05
 3.22140651e-05 8.66718027e-05 5.95790730e-05 2.51957289e-05
 6.38811659e-05 3.31168051e-05 5.38954395e-05 6.04691555e-05
 5.95790730e-05 1.44980156e-05 2.81656590e-05 7.29713629e-05
 6.38811659e-05 2.67265233e-05 7.30750389e-05 6.38811659e-05
 1.25854726e-05 7.29713629e-05 8.66718027e-05 3.63772200e-05
 1.44980156e-05 7.30750389e-05 3.20347720e-05 3.31168051e-05
 5.72208060e-05 2.29602113e-05 8.07811256e-05 1.44859354e-05
 7.23588745e-05 8.07811256e-05 1.55036933e-05 8.07811256e-05
 5.95790730e-05 8.07811256e-05 2.36036352e-05 6.38811659e-05
 5.51092227e-05 8.07811256e-05 3.31168051e-05 5.95790730e-05
 6.38811659e-05 7.06177864e-05 1.77009772e-05 5.95790730e-05
 1.63519444e-05 5.95790730e-05 5.38954395e-05 6.38811659e-05
 7.61465774e-05 2.99575030e-05 2.88552762e-05 8.07811256e-05
 1.57906063e-05 2.32214318e-05 8.07811256e-05 7.23588745e-05
 2.68339875e-05 7.30750389e-05 2.00713656e-05 3.22194684e-05
 2.74657689e-05 3.19626725e-05 5.72208060e-05 7.29713629e-05
 8.07811256e-05 7.29713629e-05 3.31168051e-05 8.66718027e-05
 5.38189733e-05 3.20005012e-05 4.94226607e-05 3.80668548e-05
 5.95075489e-05 2.28819981e-05 1.53182672e-05 5.91022670e-05
 5.38954395e-05 3.19626725e-05 5.72208060e-05 4.36087758e-05
 5.24446835e-05 5.71396221e-05 5.95790730e-05 6.54561728e-05
 6.38811659e-05 4.05100112e-05 3.19626725e-05 7.29713629e-05
 4.16969534e-05 6.38811659e-05 1.57906063e-05 6.38811659e-05
 7.06177864e-05 1.54925459e-05 7.29713629e-05 8.07811256e-05
 8.66718027e-05 2.67265233e-05 8.07811256e-05 1.44980156e-05
 7.21927224e-05 5.95790730e-05 2.29602113e-05 7.06177864e-05
 8.07811256e-05 5.95790730e-05 5.72208060e-05 6.37905330e-05
 5.95790730e-05 1.57906063e-05 7.68388876e-05 2.91835634e-05
 4.02206383e-05 2.88552762e-05 2.18559824e-05 2.66229133e-05
 3.31168051e-05 7.06177864e-05 9.55728847e-05 3.31168051e-05
 2.00029929e-05 4.02206383e-05 5.72208060e-05 5.91022670e-05
 2.74657689e-05 8.07811256e-05 4.86848063e-05 5.72208060e-05
 2.81656590e-05 8.27051518e-05 7.06177864e-05 6.54561728e-05
 5.95790730e-05 2.67265233e-05 5.72208060e-05 2.04532383e-05
 8.07811256e-05 3.31168051e-05 8.07811256e-05 1.33221625e-05
 3.10965950e-05 8.07811256e-05 5.95790730e-05 5.95790730e-05
 2.77768993e-05 8.07811256e-05 8.07811256e-05 4.36087758e-05
 8.07811256e-05 7.23588745e-05 5.38954395e-05 5.51092227e-05]",🔴 CRITICAL FAILURE
LSTM,0.07170542635658915,1.0,0.07170542635658915,0.13381555153707053,,0,0.9282945736434108,0.9282945736434108,37,0,0,479,0.335587739944458,0.1000983938574791,0.32847851514816284,"[0 0 0 0 0 0 0 0 0 0 0 0 0 0 0 0 0 0 0 0 0 0 0 0 0 0 0 1 0 0 0 1 0 0 0 0 0
 0 0 0 0 0 0 0 0 0 0 0 0 0 0 0 0 0 0 0 0 0 0 0 0 0 0 0 0 1 0 1 0 0 0 0 0 0
 0 0 0 0 0 0 0 0 0 0 0 0 0 0 0 0 0 0 0 0 0 0 0 0 0 0 0 0 0 0 0 1 0 0 0 0 0
 0 0 0 0 0 0 0 0 0 0 0 0 0 0 0 0 0 0 0 0 1 0 0 1 0 0 0 0 0 0 0 0 0 0 0 0 0
 0 0 0 0 0 0 0 0 0 0 0 0 0 0 0 0 0 0 0 0 0 0 1 0 0 0 0 1 0 0 0 1 0 0 0 0 1
 0 0 0 0 0 0 0 0 0 1 0 0 0 0 0 0 0 0 0 0 0 0 0 0 0 0 0 0 0 0 0 0 0 0 0 0 0
 0 0 1 0 0 0 0 0 0 0 0 0 0 0 0 1 0 0 1 1 0 0 0 0 0 0 0 1 0 0 0 0 0 0 0 1 0
 0 0 0 0 0 0 0 0 0 0 0 0 1 0 0 0 0 0 0 0 0 0 0 0 0 0 0 0 0 0 0 0 0 0 0 0 0
 0 0 0 0 0 0 0 0 0 0 0 1 0 0 0 0 0 0 0 0 0 0 0 1 0 0 1 0 0 0 0 0 0 0 0 0 0
 0 0 0 0 0 0 0 0 0 0 0 0 0 0 0 0 0 0 0 0 0 0 1 0 0 0 1 0 0 0 0 0 0 0 0 0 0
 0 0 0 1 0 0 0 0 0 0 0 0 0 0 1 0 0 0 0 0 0 0 0 0 0 0 0 0 0 0 1 0 0 0 0 0 0
 0 0 0 0 0 1 0 0 0 0 1 0 0 0 0 1 0 0 1 0 0 0 0 0 0 0 1 0 0 0 0 0 0 0 1 0 0
 0 0 0 0 0 0 1 0 0 0 0 0 0 0 0 0 0 0 0 0 0 0 0 0 0 0 0 0 0 0 1 1 0 0 0 0 0
 0 0 0 0 0 0 0 0 0 0 0 0 0 0 0 0 0 0 0 0 0 0 0 0 0 0 0 0 0 0 0 0 0 0 1]","[0.4325741  0.4659521  0.25301462 0.33872694 0.45399117 0.459798
 0.31693542 0.45081994 0.2507775  0.33869088 0.39279103 0.4318865
 0.4650656  0.44769484 0.35107586 0.27230915 0.45163763 0.31548974
 0.43638638 0.45980212 0.29991055 0.17091681 0.24187958 0.26936227
 0.29825982 0.39778578 0.4963383  0.5772917  0.3932391  0.17305334
 0.27936563 0.5442989  0.28538978 0.38501555 0.46378493 0.2983887
 0.25493783 0.31482756 0.25896928 0.3295353  0.36505154 0.325303
 0.37129718 0.18465352 0.2533266  0.38496077 0.40212592 0.43499562
 0.27740893 0.34105858 0.39129475 0.4335689  0.22663713 0.4386015
 0.2696883  0.40947437 0.30143282 0.34221822 0.31212458 0.2853287
 0.44480643 0.21929981 0.18332943 0.4450809  0.25724092 0.5225023
 0.36758313 0.56679446 0.32736614 0.2706629  0.2900912  0.44510296
 0.2304353  0.36212334 0.22846329 0.3432966  0.3047338  0.3937753
 0.3725755  0.42590758 0.29736534 0.2767836  0.35583898 0.3870138
 0.18519227 0.40909255 0.46409076 0.49767223 0.39807856 0.4112871
 0.21556705 0.18936332 0.3975065  0.16667463 0.22828095 0.25414613
 0.19429366 0.31975064 0.35856897 0.45882332 0.28096545 0.41711277
 0.49912065 0.17680584 0.24753827 0.51600266 0.34140244 0.4165973
 0.18730964 0.32121626 0.21950462 0.47331837 0.30719787 0.4554441
 0.3652882  0.36746028 0.4435342  0.32164454 0.4391687  0.33370075
 0.20812151 0.2291803  0.33099154 0.30641705 0.3098775  0.45754725
 0.24887706 0.23047307 0.31780353 0.29929277 0.38312086 0.53851587
 0.42593116 0.40226033 0.60005057 0.2526998  0.34733585 0.20765613
 0.20989679 0.36909273 0.35067624 0.37179908 0.41035032 0.32473874
 0.3420121  0.44080073 0.36202887 0.3200485  0.35133275 0.3531803
 0.2954423  0.34640965 0.40766194 0.19335587 0.38788462 0.4355884
 0.26570046 0.33141178 0.45746854 0.30358726 0.15682338 0.31640148
 0.20517057 0.19457641 0.3103914  0.29323745 0.19220343 0.30661923
 0.36082962 0.3354989  0.5885194  0.20104896 0.20666046 0.18901482
 0.17501959 0.5073584  0.30802414 0.31963906 0.47502437 0.55258036
 0.20880719 0.26872933 0.31447148 0.2272681  0.53985095 0.33986077
 0.31265032 0.43219256 0.341841   0.23848923 0.28149375 0.37938577
 0.38082418 0.20346051 0.55614066 0.22070947 0.33696145 0.2644868
 0.20000538 0.49396154 0.31138813 0.35438183 0.31027925 0.41172782
 0.31915095 0.31071228 0.20587268 0.45417386 0.39789683 0.44777417
 0.28937566 0.30878788 0.4027861  0.26021928 0.3364439  0.20852424
 0.29635945 0.37888446 0.36043656 0.4157269  0.401774   0.39857006
 0.38008973 0.32842392 0.5728341  0.27076754 0.25652337 0.4893036
 0.22456694 0.44593668 0.3699437  0.21071379 0.31272617 0.29736555
 0.22080086 0.31235784 0.48490232 0.50899756 0.29201394 0.3330649
 0.5301727  0.5778773  0.44206142 0.27972925 0.43199095 0.44438845
 0.26162583 0.23389725 0.21007124 0.5139288  0.25822905 0.21272704
 0.45599732 0.3408547  0.26590583 0.24192329 0.35829273 0.5400408
 0.2596429  0.26462206 0.31903118 0.18978101 0.17440112 0.34254214
 0.4681093  0.3169688  0.29779476 0.4075196  0.2500851  0.32398388
 0.30999207 0.50768185 0.38417196 0.26235208 0.30052236 0.2559932
 0.44048765 0.32583508 0.39079532 0.35982785 0.17852986 0.23001386
 0.33657056 0.362267   0.45758015 0.3567707  0.3300862  0.20855942
 0.21152842 0.44812915 0.3082874  0.3765598  0.35870025 0.14954524
 0.30239835 0.35121745 0.275932   0.20865358 0.3285331  0.43584472
 0.3157928  0.24667914 0.413146   0.36996055 0.20380858 0.34712788
 0.39264378 0.5369276  0.34699363 0.35458395 0.16611838 0.29877946
 0.41014886 0.43296596 0.32418194 0.2837683  0.278937   0.35681376
 0.4290277  0.5586927  0.46061257 0.24997912 0.5990868  0.19473392
 0.3297734  0.17943087 0.2892235  0.44019783 0.18700185 0.2386547
 0.34043658 0.24510749 0.20783597 0.45671567 0.3338248  0.3042021
 0.24433604 0.36627176 0.37797007 0.39642072 0.29289615 0.25177288
 0.25747752 0.45995778 0.18347427 0.19144367 0.33197603 0.23040947
 0.20941328 0.3065688  0.27756044 0.35392484 0.2289717  0.3145531
 0.31656733 0.5646025  0.33890173 0.3269003  0.22507119 0.59997815
 0.24872656 0.4174689  0.27369276 0.22067946 0.35716105 0.32951906
 0.27761668 0.28635922 0.19127771 0.41614005 0.21839781 0.37026894
 0.2642803  0.51544595 0.17091855 0.4206425  0.23098294 0.2092733
 0.22552402 0.23285826 0.2795499  0.36609638 0.3918131  0.35578132
 0.5186893  0.21777153 0.27914828 0.32982865 0.17912532 0.43553042
 0.29945803 0.47379783 0.33027866 0.32830805 0.29837558 0.33076215
 0.25446948 0.33849123 0.47392204 0.2265951  0.5906702  0.33473223
 0.323735   0.25460222 0.22452284 0.27070147 0.28078738 0.33324662
 0.38393798 0.29682016 0.24869494 0.20466854 0.5620192  0.28147775
 0.43366346 0.39795145 0.21175045 0.5018966  0.35634294 0.3109509
 0.2236721  0.19305408 0.5129909  0.26333833 0.1947153  0.57322764
 0.22023281 0.36298585 0.39697397 0.35114586 0.3508762  0.32576528
 0.34189442 0.53144586 0.4587792  0.30600035 0.49488863 0.3862041
 0.23869918 0.34855282 0.2339404  0.58371484 0.17197521 0.21804878
 0.22959852 0.4788632  0.28037587 0.24122977 0.2795162  0.34996915
 0.50957584 0.41822863 0.3500254  0.21911584 0.3401301  0.2802473
 0.3053322  0.35109222 0.3600307  0.4447813  0.31181163 0.2866967
 0.30933    0.4396093  0.32818988 0.33779836 0.49006522 0.33805946
 0.3884117  0.26126245 0.21416347 0.3302852  0.26714817 0.26105845
 0.5320486  0.5041218  0.45512992 0.42735547 0.43743157 0.20829454
 0.29251406 0.3337992  0.36522147 0.29715294 0.355032   0.36887354
 0.20664258 0.2728139  0.22909614 0.34432235 0.20126194 0.19927005
 0.16051546 0.36104628 0.4039471  0.35345697 0.25120234 0.24766198
 0.18793096 0.1977144  0.37525603 0.37281492 0.4493093  0.25925627
 0.31640044 0.30982506 0.24365658 0.25494614 0.26755875 0.32921728
 0.44562486 0.24610141 0.33804744 0.40497908 0.16405071 0.5592849 ]",🔴 CRITICAL FAILURE
CNN,0.44573643410852715,1.0,0.44573643410852715,0.6166219839142091,,0,0.5542635658914729,0.5542635658914729,230,0,0,286,0.48294922709465027,0.4436587989330292,0.32570552825927734,"[0 1 0 1 0 0 1 0 0 0 1 0 0 0 1 1 0 1 0 0 0 1 1 0 1 0 0 0 0 1 1 1 0 0 1 0 1
 0 1 1 1 0 0 0 1 1 0 0 1 0 0 0 0 0 0 0 1 1 1 1 1 1 0 0 1 0 0 0 1 0 0 1 0 1
 1 0 1 0 1 0 1 0 0 0 0 0 1 0 1 0 1 0 0 1 1 1 0 0 1 1 1 0 0 0 1 0 0 0 0 0 0
 1 0 1 1 0 0 0 0 0 1 0 1 0 1 1 0 0 0 1 0 1 1 0 0 0 0 0 0 1 0 0 1 1 0 0 1 0
 1 0 1 0 0 0 0 0 1 1 1 1 1 0 1 0 1 1 1 0 1 0 0 1 0 0 0 0 1 0 0 1 0 0 0 1 1
 1 1 0 1 1 1 1 1 1 0 0 0 1 0 0 0 1 1 0 0 1 1 0 0 1 0 0 0 0 0 0 1 1 1 1 0 1
 1 0 0 0 0 0 1 1 0 1 0 0 1 1 0 0 1 1 1 0 1 0 0 1 1 0 1 0 1 0 1 1 0 1 0 1 0
 1 0 1 0 0 0 0 0 1 0 1 0 0 1 0 1 1 0 1 0 0 0 0 0 1 1 1 0 1 0 0 1 0 0 0 1 1
 1 0 1 0 0 0 0 0 0 0 1 1 1 1 1 1 0 0 0 0 1 0 0 1 1 0 0 1 0 0 1 0 1 0 0 0 1
 0 0 0 1 1 0 0 0 1 1 1 1 0 0 1 1 1 0 1 0 1 0 1 1 0 0 0 1 0 1 0 1 1 1 1 1 0
 0 0 0 0 1 0 1 0 1 1 1 0 0 1 0 1 0 0 0 1 1 1 1 0 1 1 1 0 0 0 0 0 1 1 0 1 1
 0 0 0 0 0 0 0 1 0 0 0 0 1 1 0 0 0 0 0 0 0 1 1 1 1 0 1 0 1 0 1 1 0 0 0 1 0
 0 0 1 1 0 1 0 0 0 0 0 0 1 1 1 0 1 0 1 0 0 0 0 1 0 1 1 1 1 0 1 0 0 1 1 0 1
 1 0 1 0 1 1 1 0 1 1 0 1 1 0 0 1 0 1 1 1 1 0 0 0 0 1 1 0 1 0 1 1 0 0 1]","[9.83551290e-05 9.98825669e-01 3.25860456e-02 9.98790503e-01
 7.26814419e-02 1.31845120e-02 9.51759458e-01 8.44979938e-03
 1.34357259e-01 7.57291855e-04 9.99972463e-01 3.40639481e-08
 1.15186818e-01 3.57148014e-02 9.99960959e-01 9.99108434e-01
 2.42295719e-05 9.99964893e-01 6.44567609e-02 1.73721910e-01
 9.11217555e-08 9.99480247e-01 8.19074035e-01 3.80223646e-04
 9.99998033e-01 3.78477663e-01 2.70690634e-06 5.24578354e-08
 5.91771975e-02 9.80313301e-01 9.63190496e-01 9.99999821e-01
 1.05228833e-10 7.27586970e-02 9.99951780e-01 3.59307259e-01
 9.99955177e-01 4.24420655e-01 9.99308586e-01 9.99975324e-01
 9.55866337e-01 1.47163504e-10 2.27641780e-02 2.92092059e-02
 9.83152449e-01 9.76655245e-01 2.53857046e-01 9.10713788e-05
 9.98765767e-01 5.25583280e-03 1.55137211e-01 5.48354164e-02
 6.09990650e-15 8.98193121e-02 2.01953454e-09 3.70266229e-01
 9.81878877e-01 9.98778701e-01 9.98999476e-01 9.64454770e-01
 9.23528194e-01 9.86462235e-01 1.93413422e-02 2.08612382e-02
 9.98840630e-01 6.67228642e-06 1.22779578e-01 1.42570771e-02
 9.98838127e-01 2.98477650e-01 1.11101702e-01 9.98491883e-01
 4.70107347e-02 9.68697965e-01 9.98772264e-01 3.90635205e-06
 6.97037458e-01 3.23214799e-01 9.99998689e-01 1.03073238e-04
 9.94677126e-01 2.32099742e-02 6.45634308e-02 6.15234487e-02
 8.66243802e-03 2.44238913e-01 9.99951661e-01 5.32404165e-09
 9.99096394e-01 3.47404301e-01 9.91346776e-01 2.68136635e-02
 3.07785064e-01 9.99469876e-01 9.74510252e-01 9.98665988e-01
 2.16241293e-02 1.10310271e-01 9.99961436e-01 9.99131501e-01
 9.39043462e-01 2.71289408e-01 3.80698666e-02 3.40485871e-02
 9.89158511e-01 2.57386304e-02 4.67066884e-01 1.26851781e-04
 2.40260363e-01 1.00263138e-03 2.91511901e-02 9.99041259e-01
 3.64365131e-01 9.99068379e-01 9.99959290e-01 1.19761221e-01
 6.37659878e-02 3.39637280e-01 9.08828661e-05 1.54462905e-04
 9.97244954e-01 2.83815693e-02 9.99960542e-01 5.16739935e-02
 9.39286470e-01 9.50788021e-01 8.39055702e-03 1.33902282e-02
 3.19712795e-02 9.46808934e-01 3.85484956e-02 8.96531701e-01
 9.99999881e-01 2.49498546e-01 2.47298297e-03 3.04198271e-04
 8.35060775e-02 6.46988228e-02 1.74369276e-01 9.48764980e-01
 1.10703793e-08 1.43618181e-01 9.99962687e-01 9.99087095e-01
 6.27269745e-02 1.62107348e-01 9.70736444e-01 1.27746863e-03
 9.98966396e-01 2.70472109e-01 9.83463645e-01 7.95906708e-02
 7.08085635e-09 3.64234239e-01 1.08348241e-09 3.61883819e-01
 9.99954641e-01 9.66666639e-01 9.98418450e-01 9.98820245e-01
 9.99812841e-01 9.58537310e-02 9.96945739e-01 2.27123741e-02
 9.77047682e-01 9.99058008e-01 9.97552276e-01 4.31956887e-01
 9.99967992e-01 2.27662385e-01 1.47909544e-13 9.99661088e-01
 2.65109856e-02 1.53121622e-02 4.94235046e-02 4.22106870e-02
 9.55541730e-01 8.03484842e-02 1.05873058e-02 9.98550355e-01
 2.99077909e-02 2.78695889e-09 9.11054376e-05 9.99999881e-01
 9.99958038e-01 9.99960661e-01 9.99947608e-01 3.19409281e-01
 9.67531621e-01 7.75255203e-01 9.44840133e-01 9.99171019e-01
 9.99970973e-01 9.88845885e-01 2.39725802e-02 5.69969751e-02
 4.29660916e-01 9.99997675e-01 8.20153859e-03 1.79158543e-12
 1.89561862e-03 9.70715106e-01 9.99075890e-01 1.36342436e-01
 2.25419970e-03 9.98776734e-01 9.99899507e-01 2.95402650e-02
 4.12943045e-04 9.20792818e-01 5.99996606e-03 7.38889948e-02
 7.27573186e-02 3.70277643e-01 3.97442698e-01 2.60651987e-02
 9.99921799e-01 7.84376800e-01 9.50453639e-01 9.64292526e-01
 2.62406290e-01 9.50604916e-01 7.42670536e-01 2.27384611e-10
 5.24165155e-03 7.60845700e-03 1.95913315e-02 1.15402816e-02
 9.14325893e-01 9.99966204e-01 3.07418078e-01 9.99594331e-01
 8.81316023e-16 1.88361958e-01 9.99996066e-01 9.68779504e-01
 9.23732743e-02 6.06660843e-02 9.98727322e-01 9.68871593e-01
 9.99947608e-01 2.46189628e-03 9.98515546e-01 3.41752171e-16
 2.07824528e-01 9.23941314e-01 9.99960065e-01 1.83446959e-01
 9.99993682e-01 1.51243125e-06 9.39529002e-01 4.14025560e-02
 9.98847365e-01 9.99965906e-01 4.38055880e-02 9.85566318e-01
 3.32415476e-02 9.60357845e-01 1.04448237e-08 9.99287426e-01
 2.07151175e-01 9.96805191e-01 3.58700156e-01 4.04106170e-01
 9.80095472e-03 1.97274730e-01 8.34015906e-02 9.99160528e-01
 2.15478182e-01 9.80726361e-01 2.96486080e-01 4.58038812e-06
 9.82899189e-01 3.26663963e-02 9.98773813e-01 5.84361017e-01
 7.83097857e-05 9.99961019e-01 3.33558649e-01 5.97288087e-02
 4.36198041e-02 2.30758041e-01 2.66532034e-01 9.99405980e-01
 9.99997616e-01 9.69614089e-01 1.01806827e-10 9.99989092e-01
 5.50682433e-02 1.10304184e-08 9.99954581e-01 3.62203992e-03
 5.64071760e-02 9.15421247e-02 9.99143064e-01 9.98968542e-01
 9.99956131e-01 6.09297715e-02 7.82690167e-01 1.02607039e-04
 1.18183976e-07 1.04199193e-01 2.14531332e-01 4.04802859e-01
 4.14521918e-02 8.02447903e-05 9.99154925e-01 9.98227537e-01
 9.98854220e-01 9.99150872e-01 9.99631226e-01 9.99988377e-01
 3.84817481e-01 3.47490102e-01 3.45029712e-01 6.41223863e-02
 9.99971688e-01 1.46967351e-01 1.06147614e-04 9.98795807e-01
 9.99954879e-01 2.37751380e-02 4.38890699e-03 9.36750174e-01
 2.16382116e-01 5.19264489e-02 9.99959230e-01 1.10290853e-10
 9.99793053e-01 3.89456228e-14 1.51670221e-07 3.58279705e-01
 9.98958409e-01 1.17631406e-01 1.76337928e-01 2.01206118e-01
 8.82354975e-01 9.99998391e-01 3.28196228e-01 3.63260566e-04
 5.30834831e-02 9.74930227e-01 9.99951482e-01 9.99959886e-01
 9.99983311e-01 2.53726747e-02 2.53779680e-01 9.99968350e-01
 5.97624838e-01 9.99997973e-01 6.19050860e-02 9.05124068e-01
 2.14054063e-01 8.47004175e-01 3.05627555e-01 9.99935448e-01
 9.98827159e-01 7.05830334e-03 2.40211599e-02 1.01703625e-13
 9.76961374e-01 1.30490429e-04 9.40456867e-01 3.46219018e-02
 9.99967933e-01 5.47372520e-01 9.99950349e-01 5.33515453e-01
 9.99848485e-01 2.73416579e-01 2.31594086e-01 7.42211379e-03
 4.64212176e-11 2.38610528e-06 9.58821476e-01 1.24412312e-04
 9.81100559e-01 1.97436735e-02 9.99088645e-01 6.49060071e-01
 9.98662293e-01 1.42272979e-01 9.67536180e-04 9.99964476e-01
 2.70650617e-06 9.97730494e-01 8.66954273e-04 2.97700111e-02
 8.09625313e-02 9.21723008e-01 9.47160661e-01 9.99947727e-01
 9.82938886e-01 6.68835044e-02 7.56212533e-01 9.99142051e-01
 9.99060750e-01 2.00916439e-01 8.56862813e-02 1.66514954e-14
 1.18978089e-02 4.64508422e-02 9.99998093e-01 9.85847294e-01
 1.35868564e-01 9.36602175e-01 9.95296419e-01 3.50929856e-01
 2.00320199e-01 3.09159636e-01 1.80546958e-02 5.62212765e-02
 1.99202001e-02 2.49540992e-02 9.99997914e-01 4.61495295e-03
 5.18371612e-02 2.51484010e-02 5.83610609e-02 9.56683815e-01
 9.99995887e-01 2.21644547e-02 2.45999116e-02 1.39161557e-01
 1.37989745e-01 1.48294251e-02 1.23493522e-01 1.43361762e-01
 5.29304385e-01 9.98937547e-01 9.70597863e-01 9.99953151e-01
 2.27328196e-01 9.98825490e-01 1.71994297e-09 9.61571693e-01
 1.05512651e-13 9.98785317e-01 9.98447299e-01 1.85309653e-03
 7.68578574e-02 3.27947061e-03 9.99506891e-01 4.49104086e-02
 2.28274018e-02 1.09352608e-04 9.43411648e-01 9.86969352e-01
 1.88951773e-04 9.99966204e-01 3.20167653e-02 4.36683893e-01
 1.01031026e-16 6.67034537e-02 9.36366268e-05 6.07992813e-04
 9.62106347e-01 9.99992490e-01 9.99964595e-01 3.08492810e-01
 9.99999940e-01 1.89594373e-01 9.99161661e-01 6.92865849e-02
 9.51090753e-02 4.37056683e-02 1.67250028e-06 9.99949396e-01
 9.24501270e-02 9.39452291e-01 9.99840677e-01 9.98805046e-01
 9.99087512e-01 6.50990009e-02 9.98653233e-01 2.17320245e-10
 1.20534634e-04 9.62965488e-01 9.99957919e-01 3.25801186e-02
 9.85930800e-01 9.98838246e-01 5.98734207e-02 9.99959648e-01
 5.39848477e-09 9.98926759e-01 9.99978781e-01 9.99086440e-01
 9.49925277e-03 9.98588741e-01 9.96003211e-01 2.19337270e-02
 9.97941077e-01 7.12147653e-01 4.70119685e-01 9.93039161e-02
 9.98948693e-01 2.25117400e-01 9.99047279e-01 9.99616086e-01
 6.13679588e-01 9.79010403e-01 4.31541950e-01 8.13698694e-02
 6.22491129e-02 2.51539038e-08 9.96714294e-01 9.36916173e-01
 8.15780186e-06 9.66204464e-01 1.86138190e-04 5.54966867e-01
 6.30932450e-01 3.33080500e-01 2.22400948e-02 9.98868167e-01]",🟡 MODERATE EVASION
LogisticRegression,0.47674418604651164,1.0,0.47674418604651164,0.6456692913385826,,0,0.5232558139534884,0.5232558139534884,246,0,0,270,0.4658583469831662,0.4365863201797936,0.39970918647738995,"[1 1 0 1 1 1 0 1 0 0 1 1 0 1 1 1 1 1 0 1 1 0 0 0 0 1 1 1 0 0 1 1 0 0 1 0 0
 0 1 1 0 1 1 0 0 1 1 1 0 0 0 1 0 1 0 1 1 1 1 1 1 0 0 1 0 1 1 0 1 0 0 0 0 1
 0 0 0 1 0 1 0 0 1 0 0 1 1 1 1 1 0 0 1 0 0 0 0 0 1 1 0 1 1 0 0 1 1 1 0 0 0
 1 1 1 1 1 1 1 0 1 0 0 1 0 0 1 0 0 1 0 1 0 1 0 1 0 0 0 0 1 1 1 1 0 1 1 1 0
 0 1 1 0 1 0 1 1 0 1 1 0 0 1 0 0 1 1 0 1 1 1 1 0 0 0 0 1 0 0 1 1 0 0 0 0 1
 1 0 1 1 0 0 1 1 0 0 0 1 0 0 1 0 1 1 1 1 0 0 1 0 1 0 1 1 0 1 0 0 1 0 0 1 1
 1 1 1 0 0 1 0 1 1 0 1 0 0 0 1 1 0 1 1 1 0 1 0 1 1 0 0 1 0 0 1 1 0 0 0 1 0
 0 1 0 0 1 1 0 0 1 0 1 0 0 1 0 0 0 1 0 1 1 0 0 0 1 1 1 1 0 0 1 0 1 0 0 0 0
 0 0 0 0 0 0 1 1 0 0 1 0 1 1 0 1 1 1 1 0 1 1 1 1 1 0 1 0 0 0 0 1 0 1 0 0 0
 1 0 1 0 0 1 1 0 0 0 1 0 0 0 1 0 1 0 1 0 1 0 1 1 1 0 1 0 1 0 0 1 1 0 0 0 1
 0 0 0 1 0 1 0 0 0 0 0 1 1 1 1 0 0 0 0 1 0 1 1 0 0 1 0 1 1 0 1 0 0 1 0 0 0
 1 0 0 0 0 0 0 0 1 0 1 1 1 0 0 1 0 0 1 0 1 1 0 1 0 0 1 1 1 0 1 0 1 0 1 0 0
 0 1 0 0 0 1 1 1 0 0 0 0 1 0 0 1 1 0 1 1 1 0 1 0 1 0 0 0 1 0 1 1 1 0 1 0 1
 1 1 0 1 0 0 1 0 0 0 0 0 1 1 1 0 0 0 0 1 1 1 0 0 1 0 0 0 0 1 0 1 1 0 1]","[9.68285963e-01 9.97130156e-01 1.05613146e-03 8.30679195e-01
 9.99971674e-01 9.99853505e-01 3.89506160e-03 9.94579708e-01
 6.16465013e-03 4.79011841e-02 9.99336338e-01 9.87569576e-01
 1.93745433e-01 8.17685425e-01 7.66145366e-01 8.29709958e-01
 9.97115878e-01 7.79316410e-01 2.91343932e-04 9.91998844e-01
 5.47591147e-01 4.66351505e-06 3.57576498e-06 4.72613386e-02
 5.39818014e-02 8.04254832e-01 9.99948630e-01 9.97253646e-01
 5.18924025e-03 5.97993505e-06 6.27156173e-01 9.98560998e-01
 7.77254442e-02 2.37463825e-01 9.54062831e-01 6.05047836e-05
 1.92839051e-03 1.81993154e-03 9.92324937e-01 9.99923190e-01
 1.37613967e-01 9.39204160e-01 7.61833599e-01 1.12394689e-04
 2.14485952e-02 9.62524518e-01 9.22730441e-01 9.44852088e-01
 1.52631289e-01 4.77578600e-01 2.54773809e-02 9.30715502e-01
 5.27716457e-03 8.10499434e-01 1.31028281e-02 5.99295376e-01
 6.12698143e-01 6.79066658e-01 9.84281573e-01 7.63439323e-01
 8.24315841e-01 1.59461751e-02 3.10156027e-06 9.97837124e-01
 2.11292413e-03 9.99149355e-01 9.23908622e-01 2.32248800e-04
 8.21582373e-01 4.05801491e-02 1.05268222e-01 6.56862025e-02
 1.15090763e-03 9.22706954e-01 1.31294799e-04 1.50858237e-01
 3.95683080e-01 9.99983342e-01 8.82260300e-02 9.92149043e-01
 2.01475613e-02 7.49420410e-02 9.87430231e-01 3.64131419e-01
 5.44001303e-06 9.99980562e-01 9.55397825e-01 9.98063086e-01
 9.97217740e-01 8.37254194e-01 3.80962898e-05 1.19559685e-03
 6.91222925e-01 2.12051573e-06 2.85806958e-02 1.78735236e-03
 1.95317410e-04 3.15414994e-01 7.73566033e-01 9.72045904e-01
 3.79234055e-01 9.94171352e-01 8.46923994e-01 3.56265361e-04
 2.12064903e-04 9.89115935e-01 9.91142621e-01 8.60728793e-01
 1.25822260e-05 2.96331862e-01 1.89104575e-05 9.99755554e-01
 9.78283932e-01 9.48285303e-01 8.22416069e-01 9.56332084e-01
 9.86215616e-01 6.59126719e-01 4.44836803e-01 9.02670169e-01
 1.16970917e-03 2.79083520e-06 8.35544215e-01 2.63848048e-02
 1.47558485e-01 9.75062833e-01 5.14166732e-03 5.94540714e-03
 9.93973422e-01 7.00234142e-03 9.67228732e-01 2.50107318e-01
 9.32332126e-01 1.92267051e-01 9.98714118e-01 4.56831635e-03
 2.47667486e-01 1.95299170e-05 6.03390471e-05 6.67593091e-01
 9.08073290e-01 6.95775137e-01 9.53589278e-01 1.15660605e-01
 5.24893491e-01 7.82844666e-01 9.60590795e-01 4.61853772e-01
 1.75141818e-01 8.65424370e-01 7.19696399e-01 4.71253442e-02
 8.59428819e-01 5.51796060e-05 9.91629604e-01 9.94543432e-01
 3.94763814e-01 9.71684753e-01 9.42778583e-01 3.35315474e-02
 3.80238959e-06 5.98790240e-01 2.12878438e-03 1.79169478e-04
 8.62276958e-01 9.14377813e-01 1.53688897e-05 9.92553473e-01
 9.80261325e-01 9.96480192e-01 9.93410572e-01 4.31346756e-06
 1.26718694e-04 2.55843747e-07 4.65439718e-07 9.99927165e-01
 3.68500573e-01 3.28985576e-03 5.87568818e-01 8.99820179e-01
 1.19537990e-02 3.06982566e-03 3.82549209e-02 1.91143145e-04
 9.85863827e-01 6.95322830e-01 1.79086747e-04 8.80645094e-01
 9.54567156e-01 3.55013903e-03 6.17209057e-02 8.72729365e-01
 9.14684286e-01 1.24765485e-06 9.62886186e-02 3.30485560e-02
 8.80198209e-01 1.04391703e-01 2.54459839e-05 9.80864090e-01
 3.30969959e-03 9.30755182e-01 8.33351696e-01 7.50486903e-01
 5.34566450e-01 1.06033959e-02 1.23836394e-04 9.89816860e-01
 1.15171046e-01 8.41538075e-01 2.31712749e-03 9.45294814e-01
 8.77519922e-01 1.41682673e-06 9.85472794e-01 2.75644053e-04
 1.14351470e-02 9.99964767e-01 4.88161978e-01 1.26583336e-01
 9.29555936e-01 9.60464332e-01 9.99963579e-01 9.99005904e-01
 6.56434773e-01 8.92638917e-04 1.81888196e-04 9.95248912e-01
 2.64062196e-02 6.70621394e-01 7.95710962e-01 4.08437991e-05
 9.99194379e-01 1.58023060e-02 3.34155572e-05 1.33126169e-01
 8.70584205e-01 9.98875013e-01 2.33742944e-01 9.81936754e-01
 9.99983476e-01 9.99327984e-01 6.02075653e-02 9.56186995e-01
 4.11486485e-01 8.19797450e-01 6.25530926e-01 3.75547974e-05
 4.03410497e-05 9.99586610e-01 1.38951671e-04 3.39380543e-03
 9.94868343e-01 9.78875323e-01 4.62955231e-03 5.77634691e-04
 9.27888417e-02 9.79544196e-01 9.38705618e-04 2.07564866e-01
 9.01350993e-01 4.12540135e-04 6.63057149e-06 9.99432635e-01
 9.87153845e-01 7.18894645e-03 3.88360963e-03 9.97993322e-01
 3.46096314e-02 9.97549633e-01 1.45265144e-03 1.03443799e-02
 9.93566648e-01 2.00929323e-03 5.07739798e-03 2.93363261e-02
 5.22484634e-01 1.70081130e-02 9.96902055e-01 9.82537644e-01
 2.95117174e-07 3.78673936e-05 2.61314650e-02 9.92173082e-01
 9.74348766e-01 7.72072851e-01 9.96953384e-01 1.99414879e-05
 4.87566881e-04 9.78577022e-01 8.20074136e-03 9.98681792e-01
 4.50515379e-01 1.59596423e-08 3.54364559e-01 1.75125723e-01
 3.31681897e-01 9.06122449e-05 3.30385638e-04 3.99511746e-01
 1.55715903e-02 6.42425231e-04 9.99928385e-01 9.86641315e-01
 2.00372427e-04 1.26095987e-02 9.97055839e-01 3.07635074e-01
 6.05542386e-01 9.78076116e-01 1.02120190e-04 9.95558817e-01
 7.39309236e-01 9.94194652e-01 7.48135940e-01 3.87029947e-03
 9.64896135e-01 9.50837996e-01 8.40204868e-01 9.80214520e-01
 9.94923579e-01 1.04288298e-03 9.88335234e-01 8.95053778e-06
 7.01781076e-04 1.19620647e-05 2.46211892e-01 9.99900282e-01
 1.98153090e-06 9.95015597e-01 5.02402271e-03 2.41697051e-06
 3.70811731e-04 9.93295969e-01 4.18761532e-01 9.64764231e-01
 5.67830668e-05 4.92189751e-01 9.99722907e-01 9.99969571e-01
 2.17979095e-01 1.56063575e-01 5.29382193e-02 7.14458210e-01
 2.51606378e-06 2.68414638e-04 4.11446748e-04 9.95237579e-01
 1.46985128e-03 8.07311037e-01 3.67233727e-03 9.79603430e-01
 9.04764591e-03 8.62378822e-01 1.80010634e-01 5.88690682e-01
 7.49056774e-01 9.84215456e-01 4.22734625e-06 9.97548258e-01
 1.03203238e-01 7.57389512e-01 1.87356915e-04 1.10190820e-04
 9.78384020e-01 9.32149854e-01 5.81754751e-02 2.35631419e-03
 2.43679271e-06 9.93988370e-01 6.27942231e-07 6.39203758e-02
 6.71939515e-03 9.98739401e-01 1.94753907e-06 8.48941091e-01
 5.86572683e-05 4.12725110e-06 5.11890866e-03 2.50341083e-04
 2.31700178e-03 6.05226254e-01 9.99697219e-01 9.84752819e-01
 8.24893359e-01 1.71936283e-02 1.12983859e-05 6.64721048e-02
 1.02481250e-06 6.10439861e-01 8.17306764e-03 9.49483064e-01
 9.99977180e-01 3.72778930e-01 4.21017747e-01 9.80578160e-01
 2.61332607e-02 9.97414776e-01 9.97258299e-01 4.55162186e-05
 9.34363060e-01 2.14082607e-02 3.25919396e-02 9.99535325e-01
 8.40330775e-05 7.33617352e-04 2.09292783e-04 7.52902731e-01
 3.06370350e-01 4.75326307e-02 3.82096761e-06 1.28816749e-05
 3.58013247e-03 4.11259648e-04 9.53043600e-02 9.95828336e-01
 6.83620386e-05 9.99216764e-01 9.77718673e-01 9.51327982e-01
 4.76475688e-05 8.28362298e-05 9.98549880e-01 1.73350572e-02
 3.73675568e-03 9.99099316e-01 1.31686887e-02 5.36868403e-01
 9.98806110e-01 8.74888495e-02 9.48558080e-01 5.48713845e-02
 4.82810522e-01 9.34934050e-01 7.67746000e-01 9.94532396e-01
 4.16885717e-01 9.42434856e-01 2.56048356e-04 9.01300929e-01
 1.97219164e-04 9.98136032e-01 9.91049079e-07 2.54961133e-04
 1.19704604e-03 9.97679033e-01 1.18417190e-01 1.25077359e-02
 2.98973910e-06 9.65415946e-01 5.76490651e-01 9.97227485e-01
 3.34450032e-04 4.39957740e-05 4.68792162e-03 1.14743347e-02
 6.65470509e-01 6.48673434e-02 1.61322418e-01 6.03550905e-01
 8.99233769e-01 3.32788757e-06 9.03229245e-01 9.84423039e-01
 9.92764241e-01 1.89429387e-05 8.74324407e-01 7.97213875e-02
 9.98901404e-01 7.17300879e-04 4.42447038e-05 8.21975503e-03
 9.11169454e-01 2.88453266e-02 8.13516273e-01 9.60873708e-01
 9.85433329e-01 2.33800957e-01 5.80419213e-01 4.06930722e-02
 9.44963551e-01 6.43290019e-01 9.89638527e-01 5.14991365e-03
 9.95325166e-01 2.25875518e-01 1.65776511e-03 8.43291458e-01
 9.35637153e-03 3.99906627e-01 1.13426855e-05 4.48337628e-05
 5.40237729e-06 9.96189210e-01 9.68015512e-01 9.98888670e-01
 4.35092186e-03 1.78014222e-04 1.80108229e-04 2.44357063e-06
 9.99948740e-01 9.96734411e-01 9.81408638e-01 1.25280006e-04
 4.12981090e-02 9.12308682e-01 3.31004397e-01 1.25334561e-03
 4.82134668e-05 3.90743563e-01 9.81116692e-01 7.81987479e-05
 9.99086194e-01 9.97454436e-01 6.15839343e-06 9.94131465e-01]",🟡 MODERATE EVASION
